{"cameraMode":{"drawMode":0,"name":"Shaded","section":"Shading Mode"},"sceneLighting":true,"audioPlay":false,"sceneViewState":{"showFog":true,"showMaterialUpdate":true,"showSkybox":true,"showFlares":true,"showImageEffects":true,"showParticleSystems":true},"in2DMode":false,"pivot":{"x":-5.936585426330566,"y":-644.160400390625,"z":78.76668548583985},"rotation":{"x":0.49371859431266787,"y":-0.5061275362968445,"z":0.4913252890110016,"w":0.50863116979599},"size":3447.3017578125,"orthographic":false}