{"cameraMode":{"drawMode":0,"name":"Shaded","section":"Shading Mode"},"sceneLighting":false,"audioPlay":false,"sceneViewState":{"showFog":true,"showMaterialUpdate":true,"showSkybox":false,"showFlares":true,"showImageEffects":true,"showParticleSystems":true},"in2DMode":false,"pivot":{"x":-9.174546241760254,"y":15.895999908447266,"z":-4.581999778747559},"rotation":{"x":-0.0872068852186203,"y":-0.6629347801208496,"z":0.07835797220468521,"w":-0.739469051361084},"size":0.23015131056308747,"orthographic":false}