{"cameraMode":{"drawMode":0,"name":"Shaded","section":"Shading Mode"},"sceneLighting":true,"audioPlay":false,"sceneViewState":{"showFog":true,"showMaterialUpdate":true,"showSkybox":true,"showFlares":true,"showImageEffects":true,"showParticleSystems":true},"in2DMode":false,"pivot":{"x":9.178695678710938,"y":15.769046783447266,"z":-3.102630138397217},"rotation":{"x":0.02587296813726425,"y":-0.7123273611068726,"z":0.02629564143717289,"w":0.7008779048919678},"size":32.775489807128909,"orthographic":false}