{"cameraMode":{"drawMode":0,"name":"Shaded","section":"Shading Mode"},"sceneLighting":false,"audioPlay":false,"sceneViewState":{"showFog":true,"showMaterialUpdate":true,"showSkybox":false,"showFlares":true,"showImageEffects":true,"showParticleSystems":true},"in2DMode":false,"pivot":{"x":20.211902618408204,"y":10.294036865234375,"z":-6.798754692077637},"rotation":{"x":-0.0872068852186203,"y":-0.6629347801208496,"z":0.07835797220468521,"w":-0.739469051361084},"size":4.646144866943359,"orthographic":false}