{"cameraMode":{"drawMode":0,"name":"Shaded","section":"Shading Mode"},"sceneLighting":false,"audioPlay":false,"sceneViewState":{"showFog":true,"showMaterialUpdate":true,"showSkybox":false,"showFlares":true,"showImageEffects":true,"showParticleSystems":true},"in2DMode":false,"pivot":{"x":-2.4033236503601076,"y":13.724872589111329,"z":-5.912911891937256},"rotation":{"x":-0.0872068852186203,"y":-0.6629347801208496,"z":0.07835797220468521,"w":-0.739469051361084},"size":4.213139057159424,"orthographic":false}