{"cameraMode":{"drawMode":0,"name":"Shaded","section":"Shading Mode"},"sceneLighting":true,"audioPlay":false,"sceneViewState":{"showFog":true,"showMaterialUpdate":true,"showSkybox":true,"showFlares":true,"showImageEffects":true,"showParticleSystems":true},"in2DMode":false,"pivot":{"x":-28.2246150970459,"y":4.6165313720703129,"z":8.112181663513184},"rotation":{"x":0.05494061857461929,"y":-0.7690985798835754,"z":0.0667247474193573,"w":0.6332767009735107},"size":58.99698257446289,"orthographic":false}