{"cameraMode":{"drawMode":0,"name":"Shaded","section":"Shading Mode"},"sceneLighting":true,"audioPlay":false,"sceneViewState":{"showFog":true,"showMaterialUpdate":true,"showSkybox":true,"showFlares":true,"showImageEffects":true,"showParticleSystems":true},"in2DMode":false,"pivot":{"x":-5.417202949523926,"y":-5.689130783081055,"z":1.9621033668518067},"rotation":{"x":0.24161341786384583,"y":-0.6863836050033569,"z":0.26153239607810976,"w":0.6341326832771301},"size":40.07691955566406,"orthographic":false}