{"cameraMode":{"drawMode":0,"name":"Shaded","section":"Shading Mode"},"sceneLighting":true,"audioPlay":false,"sceneViewState":{"showFog":true,"showMaterialUpdate":true,"showSkybox":true,"showFlares":true,"showImageEffects":true,"showParticleSystems":true},"in2DMode":false,"pivot":{"x":18.60384750366211,"y":-7.382228374481201,"z":-2.234157085418701},"rotation":{"x":-0.09430727362632752,"y":-0.5265335440635681,"z":0.05906779319047928,"w":-0.8428658246994019},"size":57.662330627441409,"orthographic":false}