{"cameraMode":{"drawMode":0,"name":"Shaded","section":"Shading Mode"},"sceneLighting":true,"audioPlay":false,"sceneViewState":{"showFog":true,"showMaterialUpdate":true,"showSkybox":true,"showFlares":true,"showImageEffects":true,"showParticleSystems":true},"in2DMode":false,"pivot":{"x":4.016698837280273,"y":4.597980976104736,"z":-28.1822452545166},"rotation":{"x":0.0007483797380700707,"y":-0.9980716109275818,"z":0.06085609644651413,"w":0.012273148633539677},"size":62.88908386230469,"orthographic":false}