{"cameraMode":{"drawMode":0,"name":"Shaded","section":"Shading Mode"},"sceneLighting":false,"audioPlay":false,"sceneViewState":{"showFog":true,"showMaterialUpdate":true,"showSkybox":false,"showFlares":true,"showImageEffects":true,"showParticleSystems":true},"in2DMode":false,"pivot":{"x":15.27981185913086,"y":10.221372604370118,"z":-11.319448471069336},"rotation":{"x":-0.0872068852186203,"y":-0.6629347801208496,"z":0.07835797220468521,"w":-0.739469051361084},"size":4.742463111877441,"orthographic":false}