{"cameraMode":{"drawMode":0,"name":"Shaded","section":"Shading Mode"},"sceneLighting":false,"audioPlay":false,"sceneViewState":{"showFog":true,"showMaterialUpdate":true,"showSkybox":false,"showFlares":true,"showImageEffects":true,"showParticleSystems":true},"in2DMode":false,"pivot":{"x":-2.7020552158355715,"y":13.813116073608399,"z":-5.167816162109375},"rotation":{"x":-0.030873551964759828,"y":-0.3844994902610779,"z":0.013006957247853279,"w":-0.922542154788971},"size":3.285893201828003,"orthographic":false}